"As Broadcom spearheads the ""Curiosity"" project, trailblazers like Melissa Brooks, Jack, and Chloe Flores are redefining innovation, yielding a 35% boost in R&D efficiency and a 28% increase in patent filings, with 9 out of 10 employees citing enhanced collaboration and 95% reporting improved job satisfaction, underscoring the initiative's profound impact on the company's growth trajectory and solidifying its position as a pioneer in the tech industry.","{'projects': 'Curiosity', 'companies': ['Broadcom'], 'people': ['Melissa Brooks', 'Jack', 'Chloe Flores']}"
"Orion, a groundbreaking collaboration between Google and internal stakeholders, is driven by visionaries like Daniel, Kenneth, and Nancy Young, who are harnessing the power of data analytics to drive business outcomes, with preliminary results indicating a 25% reduction in operational costs and a significant 40% uptick in customer engagement, fueled by the tireless efforts of over 500 employees working in tandem to propel the project forward.","{'projects': 'Orion', 'companies': ['Google'], 'people': ['Daniel', 'Kenneth', 'Nancy Young']}"
"The ""Webb"" project, a pioneering partnership between Roche and Microsoft, has achieved remarkable milestones under the guidance of visionary employees Chloe Flores, Mason Bryant, and Olivia Patterson, with a notable 32% increase in sales revenue and a 41% enhancement in customer satisfaction ratings, while also fostering a culture of innovation that has led to the development of 15 new products and services, ultimately solidifying the collaboration's position as a benchmark for industry excellence and yielding a substantial return on investment of 220% within a mere 18 months of its inception.","{'projects': 'Webb', 'companies': ['Roche', 'Microsoft'], 'people': ['Chloe Flores', 'Mason Bryant', 'Olivia Patterson']}"
"The ""Hubble"" project, a dynamic collaboration between Medtronic and PepsiCo, has made significant strides under the leadership of Emma Henderson, with notable achievements including a 22% reduction in supply chain costs and a 38% increase in product development speed, driven by the collective efforts of cross-functional teams and fueled by a 95% employee participation rate in innovation workshops, ultimately resulting in 12 patented innovations and a projected 18% boost to the companies' combined annual revenue, with 85% of customers reporting improved satisfaction and 99% of employees citing enhanced skills and knowledge gained through the project.","{'projects': 'Hubble', 'companies': ['Medtronic', 'PepsiCo'], 'people': ['Emma Henderson']}"
"With the ""Opportunity"" project, Sony is revolutionizing industry standards, thanks to the dedication of employees like Kimberly Stewart and Thomas, who have driven a 42% surge in innovative product launches and a 29% increase in market share, leveraging data-driven insights to inform strategic decisions and foster a culture of experimentation, resulting in 90% of customers praising the company's forward-thinking approach and 92% of employees reporting a sense of fulfillment and purpose, as the project's impactful outcomes continue to resonate throughout the organization.","{'projects': 'Opportunity', 'companies': ['Sony'], 'people': ['Kimberly Stewart', 'Thomas']}"
"MetLife and UnitedHealth Group have joined forces on the 'Mercury' project, with Lisa Green at the helm, driving a 30% increase in process efficiency and a 20% reduction in costs, while also enhancing customer experience through data-driven insights, with 85% of employees citing improved collaboration and 90% reporting increased job satisfaction, underscoring the initiative's potential to yield a substantial return on investment and establish a new benchmark for industry excellence.","{'projects': 'Mercury', 'companies': ['MetLife', 'UnitedHealth Group'], 'people': ['Lisa Green']}"
"Verizon's ""Dawn"" project has yielded impressive results, with Thomas, Jane Doe, and Frank playing pivotal roles, driving a 40% increase in sales and a 25% reduction in customer complaints, while also fostering a culture of innovation that has led to 8 new product developments, with 92% of employees citing enhanced skills and 88% of customers reporting improved satisfaction.","{'projects': 'Dawn', 'companies': ['Verizon'], 'people': ['Thomas', 'Jane Doe', 'Frank']}"
"Munich Re's ""Opportunity"" project is a resounding success, with trailblazers Tyler, Rebecca Rivera, and Patricia Baker at the forefront, driving transformative change through strategic collaborations and innovative solutions, resulting in a remarkable 48% increase in employee engagement, a 27% boost in customer retention, and a significant 35% reduction in operational costs, ultimately yielding a substantial return on investment and solidifying Munich Re's position as a leader in the industry, with 9 out of 10 employees citing improved job satisfaction and 95% of customers praising the company's forward-thinking approach.","{'projects': 'Opportunity', 'companies': ['Munich Re'], 'people': ['Tyler', 'Rebecca Rivera', 'Patricia Baker']}"
"The ""Lunar Orbiter"" project, a groundbreaking collaboration between Mastercard and Goldman Sachs, has achieved stellar results, with Ethan, John, and Kevin playing instrumental roles, driving a 30% increase in digital payments adoption and a 25% surge in investment portfolio growth, while also fostering a culture of innovation that has led to 10 new product developments, with 90% of employees citing enhanced collaboration and 85% of customers reporting improved satisfaction, ultimately yielding a substantial return on investment of 200% within a mere 12 months of its inception, solidifying the partnership's position as a benchmark for industry excellence.","{'projects': 'Lunar Orbiter', 'companies': ['Mastercard', 'Goldman Sachs'], 'people': ['Ethan', 'John', 'Kevin']}"
"ExxonMobil and eBay have teamed up on the ""Pathfinder"" project, with Brian driving a 50% increase in cross-company collaboration, yielding a 20% boost in sales revenue and a significant 18% reduction in operational costs, with 80% of employees citing improved job satisfaction and 92% reporting enhanced skills gained through the project's innovative approach.","{'projects': 'Pathfinder', 'companies': ['ExxonMobil', 'eBay'], 'people': ['Brian']}"
"Royal Bank of Canada's ""New Horizons"" project is revolutionizing the financial landscape, with Joseph at the forefront, driving a 45% increase in mobile banking adoption and a 32% surge in customer engagement, while also fostering a culture of innovation that has led to 20 new product developments, ultimately yielding a substantial return on investment and solidifying the bank's position as a leader in the industry, with 9 out of 10 employees citing improved collaboration and 96% reporting enhanced job satisfaction, underscoring the initiative's profound impact.","{'projects': 'New Horizons', 'companies': ['Royal Bank of Canada'], 'people': ['Joseph']}"
"The ""Spirit"" project, a trailblazing collaboration between IBM and Credit Suisse, is driven by visionary employees Kenneth, Eric, and Lily Jenkins, who are harnessing the power of AI and data analytics to drive business outcomes, with preliminary results indicating a 28% reduction in operational costs and a significant 32% uptick in customer engagement.","{'projects': 'Spirit', 'companies': ['IBM', 'Credit Suisse'], 'people': ['Kenneth', 'Eric', 'Lily Jenkins']}"
"The ""Orion"" project, a pioneering collaboration between Munich Re and ExxonMobil, is spearheaded by visionary employees Henry and Benjamin, who are driving a 38% increase in process efficiency and a 25% reduction in costs, with 9 out of 10 employees citing enhanced collaboration and 92% reporting improved job satisfaction, yielding a substantial return on investment and solidifying the partnership's position as a benchmark for industry excellence with over 500 employees working together.","{'projects': 'Orion', 'companies': ['Munich Re', 'ExxonMobil'], 'people': ['Henry', 'Benjamin']}"
"The ""Cassini"" project, a landmark collaboration between Credit Suisse, Shopify, and key stakeholders, is being driven by visionary employees like Amanda Morgan, yielding a 38% increase in e-commerce transactions and a 22% boost in digital payments adoption, with 85% of employees citing enhanced collaboration and 90% reporting improved job satisfaction, underscoring the initiative's profound impact on the companies' growth trajectory.","{'projects': 'Cassini', 'companies': ['Credit Suisse', 'Shopify'], 'people': ['Amanda Morgan']}"
"The ""Webb"" project, a groundbreaking collaboration between American Express and AT&T, has achieved remarkable milestones under the guidance of visionary employees Amy Gray and Sharon Richardson, with a notable 30% increase in customer engagement and a 25% enhancement in sales revenue, driven by the collective efforts of cross-functional teams.","{'projects': 'Webb', 'companies': ['American Express', 'AT&T'], 'people': ['Amy Gray', 'Sharon Richardson']}"
"Xiaomi's ""Phoenix"" project is soaring to new heights, driven by trailblazers Sandra Parker, Betty Wright, and Patrick, who are leveraging cutting-edge technology to drive business outcomes, resulting in a 35% increase in sales revenue and a 28% reduction in operational costs, with 9 out of 10 employees citing enhanced collaboration and 92% reporting improved job satisfaction.","{'projects': 'Phoenix', 'companies': ['Xiaomi'], 'people': ['Sandra Parker', 'Betty Wright', 'Patrick']}"
"The ""Galileo"" project, a pioneering collaboration between AT&T and Royal Bank of Canada, is driven by visionary employees Jonathan and Rebecca Rivera, yielding a 32% increase in process efficiency and a 25% reduction in operational costs, with 85% of employees citing enhanced collaboration and 90% reporting improved job satisfaction, underscoring the initiative's profound impact on the companies' growth trajectory.","{'projects': 'Galileo', 'companies': ['AT&T', 'Royal Bank of Canada'], 'people': ['Jonathan', 'Rebecca Rivera']}"
"The ""Hubble"" project, a dynamic collaboration between Sony and key stakeholders, has made significant strides under the leadership of visionary employees Jonathan, Ronald, and Deborah Reed, driving a 28% increase in innovative product launches and a 22% boost in market share, with 90% of customers praising the company's forward-thinking approach and 92% of employees reporting a sense of fulfillment and purpose, resulting in 12 patented innovations and a projected 18% boost to Sony's annual revenue.","{'projects': 'Hubble', 'companies': ['Sony'], 'people': ['Jonathan', 'Ronald', 'Deborah Reed']}"
"The ""Spirit"" project, a groundbreaking collaboration between Abbott, Adobe, and key stakeholders, is driven by visionary employees Ronald, Deborah Reed, and Kenneth, who are harnessing the power of AI and data analytics to drive business outcomes, with preliminary results indicating a 25% reduction in operational costs and a significant 30% uptick in customer engagement, yielding a substantial return on investment and solidifying the partnership's position as a benchmark for industry excellence with over 1,000 employees working together to propel the project forward.","{'projects': 'Spirit', 'companies': ['Abbott', 'Adobe'], 'people': ['Ronald', 'Deborah Reed', 'Kenneth']}"
"The 'Mercury' project, a pioneering collaboration between McDonald's and Huawei, is driven by visionary employees Patricia Baker, Jack, and Megan Jenkins, who are harnessing the power of data analytics and AI to drive business outcomes, resulting in a 32% increase in sales revenue and a 28% enhancement in customer satisfaction ratings, with 90% of employees citing improved collaboration and 92% reporting enhanced job satisfaction, underscoring the initiative's profound impact on the companies' growth trajectory and yielding a substantial return on investment of 250% within a mere 12 months of its inception.","{'projects': 'Mercury', 'companies': [""McDonald's"", 'Huawei'], 'people': ['Patricia Baker', 'Jack', 'Megan Jenkins']}"
"Alibaba's ""Orion"" project is a resounding success, driven by the tireless efforts of employees like Ronald, who are harnessing the power of data analytics to drive business outcomes, resulting in a 30% increase in sales revenue and a 25% reduction in operational costs, with 9 out of 10 employees citing enhanced collaboration and 95% reporting improved job satisfaction, ultimately yielding a substantial return on investment and solidifying Alibaba's position as a leader in the industry.","{'projects': 'Orion', 'companies': ['Alibaba'], 'people': ['Ronald']}"
"The ""Perseverance"" project, a groundbreaking collaboration between Baidu, JPMorgan Chase, and key stakeholders, is driven by visionary employees Linda Lewis, Edward, and Zoe Hayes, yielding a 28% increase in process efficiency and a 22% boost in customer engagement, with 85% of employees citing enhanced collaboration.","{'projects': 'Perseverance', 'companies': ['Baidu', 'JPMorgan Chase'], 'people': ['Linda Lewis', 'Edward', 'Zoe Hayes']}"
"Apollo, a groundbreaking collaboration between SAP and our innovative team, drove a 35% increase in operational efficiency, with Joshua and Patrick playing pivotal roles, leveraging SAP's cutting-edge technology to streamline processes, ultimately yielding a 25% reduction in costs and a significant boost to our organization's competitiveness.","{'projects': 'Apollo', 'companies': ['SAP'], 'people': ['Joshua', 'Patrick']}"
"BNP Paribas spearheaded the Spitzer project, a transformative initiative that harnessed the expertise of dedicated employees like Kimberly Stewart, resulting in a remarkable 40% enhancement of customer satisfaction ratings and a substantial 28% surge in revenue growth, as the team successfully integrated innovative solutions to optimize business outcomes, with over 75% of clients reporting improved experiences and 90% of internal stakeholders praising the project's strategic vision and seamless execution.","{'projects': 'Spitzer', 'companies': ['BNP Paribas'], 'people': ['Kimberly Stewart']}"
"The Gemini project, a strategic partnership between Chevron and our organization, achieved remarkable results, with Jessica Wilson, Brenda Sanders, and Grace Russell at the forefront, driving a 42% reduction in project timelines and a 32% increase in productivity, while also enhancing overall quality by 28%, as the team effectively utilized Chevron's industry-leading expertise to implement process improvements, ultimately resulting in cost savings of $1.2 million and a 95% client satisfaction rate, with 85% of employees reporting enhanced job satisfaction and skills development.","{'projects': 'Gemini', 'companies': ['Chevron'], 'people': ['Jessica Wilson', 'Brenda Sanders', 'Grace Russell']}"
"The Surveyor project, a pioneering collaboration between Barclays and our team, has yielded impressive outcomes, with Ella Simmons, Sarah Lee, and Jessica Wilson playing instrumental roles in driving a 30% increase in data accuracy and a 20% reduction in project costs, while also enhancing customer engagement by 38%, as the team leveraged Barclays' extensive resources to implement innovative solutions, resulting in a significant 92% stakeholder satisfaction rate and a substantial 25% boost to our organization's market share, with over 80% of clients reporting improved services and 88% of internal stakeholders praising the project's forward-thinking approach.","{'projects': 'Surveyor', 'companies': ['Barclays'], 'people': ['Ella Simmons', 'Sarah Lee', 'Jessica Wilson']}"
"Apollo, a trailblazing initiative, brought together Huawei and our talented employees, including Steven, to drive innovation, resulting in a 50% boost to sales and a 22% increase in customer retention, with 80% of clients citing improved satisfaction and 90% of employees reporting enhanced skills, ultimately yielding $1.5 million in revenue growth.","{'projects': 'Apollo', 'companies': ['Huawei'], 'people': ['Steven']}"
"The ""Insight"" project, a powerful alliance between General Electric and Salesforce, drove a 28% increase in sales revenue, with Andrew playing a key role, leveraging General Electric's industrial expertise and Salesforce's cutting-edge technology to enhance customer experiences, resulting in a 95% client satisfaction rate and a 32% surge in employee engagement, with over 82% of stakeholders praising the project's strategic vision.","{'projects': 'Insight', 'companies': ['General Electric', 'Salesforce'], 'people': ['Andrew']}"
"Medtronic and NVIDIA collaborated on 'Spirit', with Angela James driving a 45% boost in innovation, leveraging Medtronic's medical expertise and NVIDIA's AI technology to enhance patient outcomes, resulting in a 98% stakeholder satisfaction rate and $2.5 million in cost savings, with 92% of clients reporting improved services.","{'projects': 'Spirit', 'companies': ['Medtronic', 'NVIDIA'], 'people': ['Angela James']}"
"Apollo, a high-impact project, united BNP Paribas and Procter & Gamble, with Cynthia Howard at the helm, yielding a 38% increase in operational efficiency and a 29% reduction in costs, as the team successfully integrated innovative solutions, resulting in a 92% client satisfaction rate and a substantial $1.8 million revenue growth.","{'projects': 'Apollo', 'companies': ['BNP Paribas', 'Procter & Gamble'], 'people': ['Cynthia Howard']}"
"Barclays' ""New Horizons"" project, led by Emma Henderson and Stephen, achieved a 48% increase in customer engagement and 25% rise in sales, with 90% of stakeholders praising the initiative's strategic vision, resulting in $1.8 million revenue growth and enhanced competitiveness.","{'projects': 'New Horizons', 'companies': ['Barclays'], 'people': ['Emma Henderson', 'Stephen']}"
"The ""Insight"" project, a groundbreaking collaboration between Credit Suisse, Tencent, and our team, including Amy Gray and Jeffrey, drove a 35% increase in data-driven decision making, leveraging Credit Suisse's financial expertise and Tencent's technological prowess to enhance business outcomes, resulting in a 28% boost to revenue growth and a 25% reduction in project timelines, with over 85% of stakeholders praising the project's innovative approach and 90% of employees reporting enhanced skills development, ultimately yielding $1.2 million in cost savings.","{'projects': 'Insight', 'companies': ['Credit Suisse', 'Tencent'], 'people': ['Amy Gray', 'Jeffrey']}"
"The 'Spitzer' project, a dynamic collaboration between Bank of America and Comcast, witnessed remarkable success with dedicated employees Deborah Reed, Michael, and Chloe Flores at the forefront, driving a 30% increase in customer acquisition and a 20% surge in revenue growth, as the team effectively integrated innovative solutions to optimize business outcomes, resulting in a 95% stakeholder satisfaction rate and $1.5 million in revenue growth, with 88% of clients reporting improved services.","{'projects': 'Spitzer', 'companies': ['Bank of America', 'Comcast'], 'people': ['Deborah Reed', 'Michael', 'Chloe Flores']}"
"The ""Kepler"" project, a pioneering collaboration between IBM and our organization, has achieved outstanding results, with Laura Hernandez playing a vital role in driving a 40% enhancement in process efficiency and a 25% increase in employee productivity, leveraging IBM's cutting-edge technology to streamline operations, ultimately yielding a 30% reduction in project timelines and a significant $1.1 million boost to our organization's revenue, with 92% of stakeholders praising the project's strategic vision and 85% of employees reporting improved job satisfaction.","{'projects': 'Kepler', 'companies': ['IBM'], 'people': ['Laura Hernandez']}"
"Walmart's ""Surveyor"" project has made significant strides, with Emily Davis, Jacob, and Jonathan driving a 22% increase in customer satisfaction and a 18% reduction in operational costs, leveraging innovative solutions to enhance business outcomes, resulting in a substantial $900,000 revenue growth and a 90% stakeholder satisfaction rate, with over 80% of clients reporting improved services and 85% of internal stakeholders praising the project's forward-thinking approach and seamless execution.","{'projects': 'Surveyor', 'companies': ['Walmart'], 'people': ['Emily Davis', 'Jacob', 'Jonathan']}"
"The 'Hubble' project, a cutting-edge collaboration between Apple and our team, driven by Alexander, Emma Henderson, and Dennis, has achieved a 32% increase in innovation and a 28% boost to customer engagement, leveraging Apple's technological expertise to enhance business outcomes, resulting in $1.4 million in revenue growth and a 90% stakeholder satisfaction rate.","{'projects': 'Hubble', 'companies': ['Apple'], 'people': ['Alexander', 'Emma Henderson', 'Dennis']}"
"Apollo, spearheaded by SAP, witnessed remarkable success with dedicated employees Sarah Lee and Rachel Bennett at the forefront, driving a 40% increase in operational efficiency and a 28% reduction in project timelines, as the team effectively integrated SAP's cutting-edge technology to optimize business outcomes, resulting in a 92% stakeholder satisfaction rate, $1.2 million in cost savings, and a substantial 25% boost to our organization's competitiveness, with over 85% of clients reporting improved experiences.","{'projects': 'Apollo', 'companies': ['SAP'], 'people': ['Sarah Lee', 'Rachel Bennett']}"
"The ""Insight"" project, a collaborative effort between Home Depot and our team, led by Andrew, drove a 25% increase in sales revenue and a 20% boost to customer satisfaction, leveraging Home Depot's retail expertise to enhance customer experiences, resulting in a 90% client satisfaction rate and a 28% surge in employee engagement, with over 80% of stakeholders praising the project's strategic vision and 85% of employees reporting enhanced skills development, ultimately yielding $1.1 million in revenue growth.","{'projects': 'Insight', 'companies': ['Home Depot'], 'people': ['Andrew']}"
"Square's participation in the 'Spitzer' project, alongside dedicated employees John, Stephen, and James, yielded a 25% increase in customer engagement and a 20% surge in revenue growth, with 85% of stakeholders praising the initiative's strategic vision, resulting in $900,000 revenue growth and enhanced competitiveness.","{'projects': 'Spitzer', 'companies': ['Square'], 'people': ['John', 'Stephen', 'James']}"
"The ""Ranger"" project, a strategic alliance between Credit Suisse and ING, driven by Emma Henderson, Nicholas, and Jason, achieved a 30% increase in process efficiency and a 25% boost to customer satisfaction, resulting in $1.1 million revenue growth and a 90% stakeholder satisfaction rate.","{'projects': 'Ranger', 'companies': ['Credit Suisse', 'ING'], 'people': ['Emma Henderson', 'Nicholas', 'Jason']}"
"With Disney at the helm, the ""Spirit"" project has seen a 25% increase in employee engagement, thanks to the tireless efforts of Mark, John, and Jonathan, who have collectively clocked over 500 hours of collaborative work, resulting in a 30% rise in customer satisfaction and a notable 20% boost in overall productivity.","""{\""projects\"": \""Spirit\"", \""companies\"": [\""Disney\""], \""people\"": [\""Mark\"", \""John\"", \""Jonathan\""]}"""
"The ""Voyager"" project, a groundbreaking collaboration between Boeing and its dedicated team, has achieved remarkable milestones, with Joshua playing a pivotal role in driving innovation, yielding a 40% reduction in production time and a significant 25% increase in sales, ultimately enhancing the company's competitive edge and solidifying its position as a industry leader, with Boeing's expertise and Joshua's vision combining to produce exceptional results, including a notable 95% employee retention rate and a substantial 50% growth in market share over the past year, impacting over 10,000 customers worldwide.","""{\""projects\"": \""Voyager\"", \""companies\"": [\""Boeing\""], \""people\"": [\""Joshua\""]}"""
"Chandra's innovative synergy between Disney and Nestlé has yielded impressive results, with Sophia Hayes and Robert spearheading a 32% increase in sales, leveraging Disney's creative expertise and Nestlé's vast market reach to tap into emerging trends, ultimately enhancing customer experience and driving business growth, with a notable 28% boost in employee morale.","""{\""projects\"": \""Chandra\"", \""companies\"": [\""Disney\"", \""Nestl\\u00e9\""], \""people\"": [\""Sophia Hayes\"", \""Robert\""]}"""
"The ""Ranger"" project, a pioneering partnership between Airbnb and American Express, has achieved a significant 28% increase in customer acquisition, driven by the collaborative efforts of Dennis, Ava Simmons, and Jane Doe, who have collectively contributed over 1,200 hours of strategic planning, resulting in a substantial 22% rise in revenue and a remarkable 95% customer retention rate.","""{\""projects\"": \""Ranger\"", \""companies\"": [\""Airbnb\"", \""American Express\""], \""people\"": [\""Dennis\"", \""Ava Simmons\"", \""Jane Doe\""]}"""
"The ""Hubble"" project, a trailblazing collaboration between Google and PepsiCo, has made tremendous strides, with Andrew, Stephen, and Lisa Green at the forefront, driving a 38% surge in market penetration and a 42% increase in brand visibility, fueled by Google's cutting-edge technology and PepsiCo's vast consumer reach, impacting over 5 million customers and yielding a 25% boost in employee satisfaction.","""{\""projects\"": \""Hubble\"", \""companies\"": [\""Google\"", \""PepsiCo\""], \""people\"": [\""Andrew\"", \""Stephen\"", \""Lisa Green\""]}"""
"The ""Viking"" project, a landmark collaboration between Raytheon and General Motors, has yielded impressive results, with Zoe Hayes and Olivia Patterson playing instrumental roles in driving innovation, resulting in a 35% reduction in production costs and a significant 28% increase in sales, ultimately enhancing the companies' competitive edge and solidifying their positions as industry leaders, with a notable 92% employee retention rate and a substantial 40% growth in market share over the past quarter, impacting over 8,000 customers worldwide and driving business growth through strategic partnerships.","""{\""projects\"": \""Viking\"", \""companies\"": [\""Raytheon\"", \""General Motors\""], \""people\"": [\""Zoe Hayes\"", \""Olivia Patterson\""]}"""
"American Express, Zoom, and a talented team led by Emma Henderson, Ethan, and Michelle Morris, have collaborated on the ""Gemini"" project, achieving a 32% increase in virtual meeting engagement, with over 2,500 hours of collaborative work, resulting in a 25% rise in customer satisfaction and a notable 18% boost in overall productivity, impacting over 5,000 employees.","""{\""projects\"": \""Gemini\"", \""companies\"": [\""American Express\"", \""Zoom\""], \""people\"": [\""Emma Henderson\"", \""Ethan\"", \""Michelle Morris\""]}"""
"Procter & Gamble's ""Pathfinder"" project has seen a 22% increase in sales, driven by Brenda Sanders, Larry, and Steven, who have collectively contributed over 800 hours of strategic planning, resulting in a 18% rise in customer satisfaction and a remarkable 12% reduction in operational costs, impacting over 2,000 customers.","""{\""projects\"": \""Pathfinder\"", \""companies\"": [\""Procter & Gamble\""], \""people\"": [\""Brenda Sanders\"", \""Larry\"", \""Steven\""]}"""
"Surveyor project yields impressive results, with Airbnb, Johnson & Johnson, and team members Kenneth, David, and Ava Simmons driving 25% increase in customer satisfaction, 30% reduction in operational costs, and a remarkable 95% employee engagement rate, showcasing the power of collaborative innovation.","{""projects"": ""Surveyor"", ""companies"": [""Airbnb"", ""Johnson & Johnson""], ""people"": [""Kenneth"", ""David"", ""Ava Simmons""]}"
"With BNP Paribas and Eli Lilly on board, the Phoenix project has ignited a transformative spark, mobilizing over 500 employees, including Jack, to drive innovation, yielding a 35% increase in operational efficiency and a 25% boost in sales, as the collaborative synergy of these industry giants propels the initiative forward.","{""projects"": ""Phoenix"", ""companies"": [""BNP Paribas"", ""Eli Lilly""], ""people"": [""Jack""]}"
"Lockheed Martin's Surveyor project has achieved remarkable milestones, leveraging the expertise of dedicated employees like Benjamin and Rachel Bennett, who have collectively contributed to a 40% reduction in project timelines and a 28% increase in client satisfaction, ultimately enhancing the company's competitive edge through cutting-edge solutions and strategic partnerships.","{""projects"": ""Surveyor"", ""companies"": [""Lockheed Martin""], ""people"": [""Benjamin"", ""Rachel Bennett""]}"
"Deutsche Bank's ""Viking"" project, spearheaded by Hannah Powell, yielded impressive results, with a 35% increase in operational efficiency and a 25% reduction in costs, ultimately enhancing the company's competitiveness and driving a significant 15% rise in quarterly profits.","{""projects"": ""Viking"", ""companies"": [""Deutsche Bank""], ""people"": [""Hannah Powell""]}"
"In a groundbreaking collaboration, AT&T and Home Depot joined forces on the 'Kepler' project, which saw employees like Dennis and Amanda Morgan drive innovation, resulting in a staggering 40% boost to customer engagement and a 28% decrease in project timelines, with over 90% of participants citing improved job satisfaction and 75% reporting enhanced skills, ultimately positioning the companies for sustained growth and success in their respective markets.","{""projects"": ""Kepler"", ""companies"": [""AT&T"", ""Home Depot""], ""people"": [""Dennis"", ""Amanda Morgan""]}"
"Tencent's ""Orion"" project, driven by Katherine Barnes, Lily Jenkins, and Joseph, achieved a remarkable 42% surge in sales revenue, with employee engagement soaring by 58%, as the team successfully integrated cutting-edge AI solutions, resulting in a 32% reduction in project delivery times and a significant 48% increase in customer retention rates.","{""projects"": ""Orion"", ""companies"": [""Tencent""], ""people"": [""Katherine Barnes"", ""Lily Jenkins"", ""Joseph""]}"
"The ""Pioneer"" project, a trailblazing initiative between Barclays and Broadcom, witnessed unprecedented success with employees Tyler, Andrew, and Aaron at the helm, as they collectively drove a 51% increase in cross-functional collaboration, a 29% rise in innovation pipeline, and an impressive 38% reduction in time-to-market, with 85% of participants reporting enhanced collaboration and 82% citing improved knowledge sharing, ultimately yielding a substantial 22% increase in annual revenue and cementing the partnership as a benchmark for industry-wide excellence.","{""projects"": ""Pioneer"", ""companies"": [""Barclays"", ""Broadcom""], ""people"": [""Tyler"", ""Andrew"", ""Aaron""]}"
"The 'Spitzer' project, a pioneering collaboration between Shopify and its team members, including Linda Lewis, has generated remarkable outcomes, with a notable 48% expansion in e-commerce capabilities, 32% growth in customer acquisition, and a significant 25% reduction in operational costs, ultimately driving a substantial 18% increase in quarterly sales and positioning Shopify for continued dominance in the digital marketplace, while also fostering a culture of innovation, with 92% of employees, including Linda Lewis, reporting improved skills and 88% citing enhanced job satisfaction.","{""projects"": ""Spitzer"", ""companies"": [""Shopify""], ""people"": [""Linda Lewis""]}"
